date,water_year,huc8,area_acres,AgEra-5_precipitation_mm,prism_precipitation_mm,rdpa_precipitation_mm,nclimgrid_precipitation_mm,gridmet_precipitation_mm,chirps_precipitation_mm,ensemble_et_mm,disalexi_et_mm,eemetric_et_mm,ptjpl_et_mm,ssebop_et_mm,geesebal_et_mm,q_mm,wbet_AgEra-5_mm,wbet_prism_mm,wbet_rdpa_mm,wbet_nclimgrid_mm,wbet_gridmet_mm,wbet_chirps_mm
2003-10-01,2004,17020011,850266.61,176.28909237328432,215.13410967723416,210.45664046622025,158.63846245784663,233.17536961615517,179.0599346502231,26.944815761258635,20.86628514839704,21.38220579526318,33.2333769274912,35.639855038142215,19.26643190122828,54.43831216716351,121.85078020612082,160.69579751007066,156.01832829905675,104.20015029068313,178.73705744899166,124.62162248305961
2003-11-01,2004,17020011,850266.61,235.3284195525275,280.9893252073633,207.61097759202923,210.609270130778,291.1209382284118,208.5986008448006,11.707301090083762,12.461435060506272,8.839945253292537,14.07388065950457,15.3750783519213,5.209295020999065,59.370702114051866,175.95771743847564,221.61862309331144,148.24027547797738,151.2385680167261,231.7502361143599,149.22789873074873
2003-12-01,2004,17020011,850266.61,153.28919058410892,142.7294269876595,190.42542759815407,120.43848134972856,151.5112129021198,157.99183346588964,3.73326425887232,4.090858452417855,2.597887693441943,5.051309139682951,5.375807645092852,1.9654397627682223,41.4954991063002,111.79369147780872,101.2339278813593,148.92992849185387,78.94298224342836,110.01571379581961,116.49633435958944
2004-01-01,2004,17020011,850266.61,200.59913054886076,179.92257800731144,208.1183191092408,143.13831556382632,190.3985782818667,137.37503656372493,3.896126409082717,3.3462205954036284,2.555007572822652,7.477460626611727,8.11422673591229,3.5822212938854507,26.919458467521004,173.67967208133976,153.00311953979045,181.1988606417198,116.21885709630533,163.4791198143457,110.45557809620394
2004-02-01,2004,17020011,850266.61,82.95710636516186,80.54888221124587,110.55350589604711,67.06975499670996,71.53556498828667,89.56290688052948,5.781749477332654,7.264415569258086,3.605275713617137,12.27186919624484,11.06132332268816,5.440683153097955,30.94386773656931,52.01323862859255,49.60501447467656,79.60963815947781,36.12588726014065,40.591697251717356,58.61903914396017
2004-03-01,2004,17020011,850266.61,108.8652368236434,97.83110553062885,106.46635203322396,77.62181716770854,97.86846109376675,60.90540204529045,27.641061869684723,35.06075928775928,17.61995113451053,45.1832241005562,40.54278079139074,27.4775113038824,65.69172656667368,43.17351025696972,32.13937896395517,40.774625466550276,11.930090601034863,32.176734527093075,-4.786324521383229
2004-04-01,2004,17020011,850266.61,47.18792331495995,27.18568796328743,38.32500009918959,26.024734614040145,27.33626017461116,41.68292907072918,65.0911849614942,83.70728965394699,45.27261765449091,96.31293866601968,78.27813929119823,88.14347726760475,113.11718562065285,-65.9292623056929,-85.93149765736541,-74.79218552146327,-87.0924510066127,-85.78092544604169,-71.43425654992367
2004-05-01,2004,17020011,850266.61,98.3705355363388,59.855658399284806,73.85079663535723,59.219210987621295,67.40250606032899,53.283625955712594,68.87676081178671,57.309270902466295,54.71860138470301,89.60541896375047,73.3870451952982,82.60248116364598,160.67062942170418,-62.30009388536537,-100.81497102241937,-86.81983278634695,-101.45141843408288,-93.26812336137519,-107.38700346599158
2004-06-01,2004,17020011,850266.61,37.55755186832391,29.32118359004055,34.42900506785945,32.07997087822832,27.793864208977823,31.794437808580017,116.77016976268092,92.4145654971315,100.69137726229236,130.63988250552987,115.73331491262346,126.53827528299897,112.91809823631829,-75.36054636799437,-83.59691464627774,-78.48909316845884,-80.83812735808996,-85.12423402734046,-81.12366042773827
2004-07-01,2004,17020011,850266.61,14.761196061833258,9.998866158495463,16.961945111186377,12.037189633368971,11.237472136205213,15.026722582893726,134.77888838059522,104.77919187729856,124.63363675699344,148.23288482737826,127.59195136511954,150.30207654014438,38.27810477017943,-23.516908708346172,-28.27923861168397,-21.316159658993055,-26.24091513681046,-27.04063263397422,-23.251382187285706
2004-08-01,2004,17020011,850266.61,98.3446304120876,75.87936652551812,81.92530535938891,67.69566977504525,81.5355121781339,52.86634995490044,92.38191795922988,66.30988048139412,92.2143798634392,99.24076518856457,98.8346870679026,86.75158339887459,18.96165130512018,79.38297910696741,56.91771522039794,62.96365405426873,48.73401846992506,62.573860873013714,33.90469864978026
2004-09-01,2004,17020011,850266.61,83.48919530281152,93.4879469461287,116.87483600668553,72.98829590084716,94.17802796169616,61.66976774604831,52.40105988765328,39.672906970489095,53.07136473739289,62.0202531350718,53.65951462699214,40.609328515978746,27.76557985094282,55.7236154518687,65.72236709518589,89.10925615574271,45.22271604990434,66.41244811075333,33.90418789510549
2004-10-01,2005,17020011,850266.61,104.94218503155804,108.83066941034544,85.48104489846858,93.92819542687936,115.61966612961297,122.04294044802664,28.717993116040144,25.083647824035012,30.71503254150374,38.71488155754567,31.79981504763118,10.951968866361776,23.39916689666267,81.54301813489536,85.43150251368277,62.08187800180591,70.52902853021669,92.22049923295029,98.64377355136398
2004-11-01,2005,17020011,850266.61,119.15695363920186,121.60002759166622,64.87047881948286,85.0394853183089,122.01557780835812,100.68927250756704,14.558763620234233,14.09221542225906,12.667704517753062,19.837449811536576,15.40881378696849,5.195035357028225,49.018158128655514,70.13879551054634,72.5818694630107,15.85232069082734,36.02132718965339,72.9974196797026,51.671114378911525
2004-12-01,2005,17020011,850266.61,169.86060493615614,161.94452726733851,127.94342434465165,133.06180318514558,170.7658324450226,128.29481288877722,7.1703546149743715,6.0140487786545895,5.003827909637321,11.22117219100894,9.298724368270271,4.96723561682989,67.68260041001913,102.178004526137,94.26192685731938,60.26082393463251,65.37920277512644,103.08323203500346,60.61221247875808
2005-01-01,2005,17020011,850266.61,149.13169926310948,163.4133446500661,114.7336436400757,130.91532979828088,171.2353334872016,139.9740382148684,9.20661187410249,9.14400224898877,6.384307550743588,14.315333428662088,12.436196223382517,5.393061446458596,93.17289586856714,55.95880339454234,70.24044878149897,21.56074777150856,37.74243392971374,78.06243761863445,46.80114234630125
2005-02-01,2005,17020011,850266.61,34.669917041413655,38.36261037167644,26.56804279794687,30.05111372141799,40.53485039440704,28.03595761058588,20.291107363234396,31.411060380792797,12.092826104023183,26.440402269164363,26.193466564275404,12.125656562897683,49.2243557767163,-14.554438735302647,-10.861745405039862,-22.65631297876943,-19.17324205529831,-8.689505382309264,-21.188398166130423
2005-03-01,2005,17020011,850266.61,124.35425998123692,119.1450996273705,86.40906952340106,98.63003950588087,122.67747120049869,91.77681104528212,34.725057566994934,46.19279182718616,27.71504852394575,47.34581450040474,42.39389746208426,24.63683683520107,42.38428207207942,81.9699779091575,76.76081755529108,44.024787451321636,56.24575743380145,80.29318912841927,49.392528973202694
2005-04-01,2005,17020011,850266.61,91.3274781280706,57.875104851846096,69.58610778019678,48.61698020336405,58.3384745589748,55.15827827714112,56.65712710204747,64.97165982542091,44.14004602700835,75.09616705818442,58.53405659429855,62.46768124677667,60.62921879359524,30.698259334475352,-2.7541139417491465,8.956888986601541,-12.012238590231192,-2.2907442346204405,-5.470940516454121
2005-05-01,2005,17020011,850266.61,117.514742438801,92.7454381273524,141.07868941716526,97.76405915857868,96.02612261401748,88.85422679072057,88.76635856584649,97.19571107350554,71.6956669131934,106.83589308322578,90.36293492421972,92.37356440393496,109.9531182624788,7.561624176322198,-17.207680135126395,31.12557115468647,-12.18905910390012,-13.926995648461315,-21.098891471758222
2005-06-01,2005,17020011,850266.61,51.69635425836667,34.53631854437361,73.02158380831428,31.18804002508636,33.712123588121194,33.05860448137019,101.5446293790623,84.38263847078044,83.13683847384625,119.04069447942676,92.37764308328698,115.13313897315764,48.484888349187976,3.211465909178692,-13.948569804814369,24.5366954591263,-17.296848324101617,-14.772764761066782,-15.426283867817787
2005-07-01,2005,17020011,850266.61,21.84375104162671,24.04766766751026,43.06041893000062,25.071699575382475,26.67141690784319,20.01191110698268,118.34848289706171,99.07148739802363,109.56096245022302,135.2404755577607,126.73140022231829,105.1181524942831,22.371022761849265,-0.5272717202225543,1.6766449056609964,20.689396168151358,2.70067681353321,4.300394145993927,-2.3591116548665845
2005-08-01,2005,17020011,850266.61,8.560821874723656,7.2701502447729,13.1043474215126,7.679170350797828,10.368201746716858,12.733261084009497,102.28214098453562,74.66851823617223,102.93472004067918,109.38030646439964,113.98348504684212,95.03901270909134,9.3777268285297,-0.8169049538060449,-2.107576583756801,3.726620592982899,-1.6985564777318727,0.9904749181871573,3.355534255479796
2005-09-01,2005,17020011,850266.61,51.54695199411431,51.77255555954556,43.52531239196085,46.682664706366175,60.19848827718037,45.37138545625404,52.615320695803064,38.50794055969207,48.97706110659632,63.769937389729165,64.62314545315908,39.29187084065405,6.426967382142693,45.11998461197162,45.34558817740287,37.09834500981816,40.25569732422348,53.771520895037675,38.94441807411135
2005-10-01,2006,17020011,850266.61,122.02241431176871,75.49265665536862,89.71976600908064,81.41777906008386,105.79073710306584,117.67421519000186,23.646140147526022,19.53697266281088,16.442971947489585,36.07119046132861,27.741265078377065,14.094560322497523,17.499070056633897,104.52334425513482,57.99358659873472,72.22069595244675,63.91870900344996,88.29166704643194,100.17514513336796
2005-11-01,2006,17020011,850266.61,170.650969908958,199.3063076783806,150.19759724830007,140.29272225592197,172.2223646087941,145.06924684541767,8.141120811877471,7.775496026015957,5.196966594439107,11.911915904338874,10.267649237031144,3.011548773923922,24.465706455597733,146.18526345336025,174.84060122278285,125.73189079270233,115.82701580032423,147.75665815319635,120.60354038981993
2005-12-01,2006,17020011,850266.61,190.9972118108421,191.2819515455256,167.52112622382828,173.94112171512583,214.0024324822344,187.28778394948293,9.607611822233324,9.568442020897423,7.336203636855849,13.05143043814994,14.70717364475872,8.4734026155541,30.62532792163403,160.37188388920805,160.65662362389156,136.89579830219424,143.3157937934918,183.37710456060037,156.6624560278489
2006-01-01,2006,17020011,850266.61,348.0511377663938,349.07013885169044,258.1412754428532,287.3890095513242,383.2874958613461,255.52030823854776,3.653762256339714,4.66203911786734,1.7536178402766571,4.677874942430953,6.178156564480976,3.791145815894024,48.66264494234383,299.38849282405,300.4074939093466,209.47863050050938,238.72636460898036,334.62485091900226,206.85766329620392
2006-02-01,2006,17020011,850266.61,126.80734583893972,136.81410578008555,110.82986518066488,111.92015236881066,140.32290737607414,106.32839999165463,16.184085854513334,23.24374896127126,4.536912904663644,18.99945213363383,28.100061279665063,18.71937941416283,28.29884963041035,98.50849620852938,108.51525614967521,82.53101555025454,83.62130273840032,112.0240577456638,78.02955036124429
2006-03-01,2006,17020011,850266.61,102.62500483342107,101.04416596630728,94.70970672340938,79.1087304912403,91.0689437340909,92.73564072670844,23.895287306333657,24.07207896331525,6.683070796820954,38.953644024874784,30.6183682140412,28.116814094498228,28.67569360790074,73.94931122552033,72.36847235840654,66.03401311550864,50.433036883339554,62.39325012619015,64.0599471188077
2006-04-01,2006,17020011,850266.61,67.28802701924107,63.19191272659546,64.06698448711539,53.79493042132751,61.39949967446787,60.06714160718159,51.55613341707685,59.317762016692505,28.435078769701956,74.73509219991794,53.62580692131101,59.84423899913808,75.56788288241236,-8.279855863171292,-12.375970155816901,-11.500898395296971,-21.772952461084856,-14.168383207944494,-15.500741275230773
2006-05-01,2006,17020011,850266.61,88.12118104522573,52.56280663033967,52.72660391790191,54.151759386823485,56.09305008659118,57.36998478521021,83.05318220731272,75.00214081070888,59.10438329002014,104.43609435563512,85.47193932134329,96.46978055394358,237.4117058189451,-149.29052477371937,-184.84889918860543,-184.6851019010432,-183.25994643212164,-181.31865573235393,-180.04172103373492
2006-06-01,2006,17020011,850266.61,62.62666536620311,59.94029681292262,59.9129494652114,57.24867371278173,57.29890516879868,58.30946032650022,110.499179599148,95.78751880193202,88.64904444165622,126.7678391454546,102.7422912238817,122.40893764252374,229.469541236742,-166.84287587053888,-169.5292444238194,-169.5565917715306,-172.22086752396027,-172.17063606794332,-171.1600809102418
2006-07-01,2006,17020011,850266.61,12.76685888355367,9.382298478585676,16.110148786488416,4.680622969443985,8.987207534183238,16.238232244353643,127.75909520799767,106.03322046192768,141.1022862708501,130.17713738268438,139.61901917597925,125.1932561944826,80.5877290731334,-67.82087018957974,-71.20543059454772,-64.47758028664498,-75.90710610368942,-71.60052153895016,-64.34949682877976
2006-08-01,2006,17020011,850266.61,7.541361932497115,4.385631518925962,10.215129569457808,1.3584459563661784,4.587990837124309,9.843797102740966,100.61069796596207,84.47967158529117,105.07075116536288,108.75552973084936,106.33621916775182,94.52086361122552,16.281081880330056,-8.739719947832942,-11.895450361404095,-6.065952310872248,-14.922635923963878,-11.693091043205747,-6.43728477758909
2006-09-01,2006,17020011,850266.61,39.61788703606795,24.05701446518911,29.719737933286048,23.29422345369305,25.63372899055901,36.89275955645342,60.53967616220419,49.737257808881495,63.372755408284576,71.89486060355695,72.51749503243414,42.28897213446947,10.353966038141596,29.263920997926352,13.703048427047513,19.36577189514445,12.940257415551454,15.279762952417414,26.538793518311824
2006-10-01,2007,17020011,850266.61,44.84331700045023,39.44143547301231,46.28293753756257,33.84144043531008,43.75261230954797,45.67104050123002,29.906101127179177,26.080442447169712,31.28823810065202,45.35653133870416,33.79581671839023,10.890104544676689,9.822118311419311,35.02119868903092,29.619317161593003,36.46081922614326,24.019322123890774,33.93049399812866,35.84892218981071
2006-11-01,2007,17020011,850266.61,402.02995137494014,506.8742596507125,420.0543740548176,406.0039536724791,522.8803677024634,478.2723183341774,10.981176285276057,6.733413342225826,11.5502523183895,17.03580228580914,13.787413204693506,3.667514008320324,120.82044534165449,281.20950603328566,386.053814309058,299.2339287131631,285.1835083308246,402.05992236080897,357.4518729925229
2006-12-01,2007,17020011,850266.61,207.06204708195585,250.1590619817546,193.7713636844996,204.21934939957228,248.5474930479681,232.4195285473684,3.2257056781084037,6.028135376906874,2.9188580234061754,4.673222433294828,6.842626325566036,3.0321796669537817,33.36135740348878,173.70068967846709,216.79770457826584,160.4100062810108,170.8579919960835,215.1861356444793,199.05817114387963
2007-01-01,2007,17020011,850266.61,191.0914571616948,188.59232314937847,113.31517868836076,153.10094215228654,218.50517260890223,126.47244026360168,8.269891207720672,9.238192486336166,6.249799317667826,14.115923735143031,14.786174622425373,7.118194848108259,42.71846446721241,148.37299269448238,145.87385868216606,70.59671422114835,110.38247768507412,175.78670814168981,83.75397579638928
2007-02-01,2007,17020011,850266.61,157.36886581311737,124.34258128109518,90.35066973129088,116.0277399654548,139.82738193040444,94.62732885070112,10.964831102167578,10.62995409463079,8.641944443707002,15.40475407213819,16.20973695240376,7.660208271116565,37.70572854021761,119.66313727289975,86.63685274087757,52.644941191073265,78.32201142523718,102.12165339018682,56.921600310483505
2007-03-01,2007,17020011,850266.61,161.57015642622417,134.90187129316578,86.89759414514988,98.86838308623946,137.85655307738483,94.416794097656,25.10858488793023,27.08263879772693,18.22962037691628,36.62705165649207,37.94785554485026,24.699081824951485,130.53733174992553,31.032824676298645,4.364539543240255,-43.63973760477565,-31.668948663686066,7.319221327459303,-36.12053765226953
2007-04-01,2007,17020011,850266.61,64.74408411081582,41.89190388590792,43.81648330792757,31.35631657139332,43.51216970330878,41.65926318279756,49.55529262922517,54.02025456587828,40.93831374345253,67.10528564870147,54.73182332487031,61.60154870060028,108.65905026430427,-43.91496615348845,-66.76714637839635,-64.8425669563767,-77.30273369291095,-65.1468805609955,-66.99978708150671
2007-05-01,2007,17020011,850266.61,55.0448784340109,45.06346416973299,43.40163973931453,44.19391771364533,45.27109017263718,56.06524536811471,94.3123049937248,106.49248211553544,77.05879448368191,114.87317531807464,98.09534065357468,113.68821195682465,182.84754198382728,-127.80266354981639,-137.7840778140943,-139.44590224451275,-138.65362427018195,-137.5764518111901,-126.78229661571257
2007-06-01,2007,17020011,850266.61,38.48493508168431,29.13311614770303,44.87108928536368,22.015151417790747,31.334460131266983,27.271835794359287,100.4851669492336,84.13929261437386,83.59383978561276,112.29387191662374,100.09621103340145,113.15259089045708,164.04800469166523,-125.56306960998091,-134.9148885439622,-119.17691540630155,-142.03285327387448,-132.71354456039825,-136.77616889730595
2007-07-01,2007,17020011,850266.61,26.65172644266865,11.04747486960756,19.00855044763208,14.070016527183745,11.964447015552844,18.71149096513897,125.11822646278422,104.69792132146024,115.19163303461664,134.31842356674906,131.53067334971146,123.69794648806489,79.29366107495885,-52.6419346322902,-68.2461862053513,-60.28511062732677,-65.22364454777511,-67.329214059406,-60.58217010981988
2007-08-01,2007,17020011,850266.61,19.61692842198362,12.108284761606368,23.222961233074507,9.874109254194767,13.856223423100142,10.659979639766531,100.6757307039425,70.96528463115396,95.07647193061344,111.86552616123664,98.31405150115629,104.56884042605238,19.54753703616184,0.06939138582177762,-7.439252274555473,3.6754241969126653,-9.673427781967074,-5.6913136130617,-8.88755739639531
2007-09-01,2007,17020011,850266.61,36.30810586527616,11.4731030354059,15.164787276442672,15.188055318514554,25.56553653346213,31.689312513763795,55.8574165531648,41.70388699499987,51.86085624798866,70.01294217220222,72.40787808945147,39.32252251387578,9.423943542750221,26.88416232252594,2.0491594926556793,5.740843733692451,5.7641117757643325,16.141592990711906,22.265368971013572
2007-10-01,2008,17020011,850266.61,133.41988659195565,121.62280903603454,127.1286323153074,88.98226900497615,122.83046719845078,99.25618586724188,20.088431507234677,16.518721690998934,16.906155649074524,29.78360279689727,24.327055708554244,11.212375796576143,21.64933099363654,111.7705555983191,99.973478042398,105.47930132167086,67.3329380113396,101.18113620481424,77.60685487360534
2007-11-01,2008,17020011,850266.61,128.75332859401104,119.60289202196311,102.59351633808618,96.11219670176015,126.31867506533575,131.1218029574908,11.502822033040188,13.95441802628392,7.524117673357537,21.36627552923669,15.135449614778803,3.980239932438861,25.023862158107082,103.72946643590396,94.57902986385604,77.5696541799791,71.08833454365308,101.29481290722867,106.09794079938371
2007-12-01,2008,17020011,850266.61,286.96701624438606,336.61641196813883,266.1155775738467,281.0132998848494,341.95041509887125,252.5414449447755,4.418588016056594,3.506733958630557,3.1963993727246187,7.973751050694043,6.011730464073072,1.803920259485713,47.19010932464082,239.77690691974524,289.426302643498,218.92546824920586,233.8231905602086,294.7603057742304,205.35133562013468
2008-01-01,2008,17020011,850266.61,185.24033266679544,182.3875979641285,146.20352527026097,157.86455895809345,200.7845936693445,127.89977641809485,3.6117041406652697,2.2632994523596066,3.3298586158857644,6.605545431237233,6.8436826166594615,2.163654720998896,19.48567774174361,165.75465492505182,162.9019202223849,126.71784752851735,138.37888121634984,181.2989159276009,108.41409867635123
2008-02-01,2008,17020011,850266.61,149.8752206264209,176.0278919702631,83.33087555841344,125.22688314792728,158.50192501048048,77.53520987192016,13.492663815298975,19.043183463355746,9.22992353118152,27.64381972393131,23.038915833001163,9.663749653334923,18.471754134382675,131.40346649203823,157.55613783588043,64.85912142403076,106.7551290135446,140.0301708760978,59.06345573753748
2008-03-01,2008,17020011,850266.61,113.92244075307346,92.08987559222068,87.01466773047632,62.81583435289517,84.40274018570155,60.06745492319916,27.62465165711195,43.00079900692698,19.439547207309776,46.67733888030276,42.42035942844946,33.34649042150875,28.73968598143684,85.18275477163662,63.35018961078384,58.27498174903948,34.07614837145833,55.66305420426471,31.32776894176232
2008-04-01,2008,17020011,850266.61,70.54369991497676,45.35556154711558,59.48635468941927,37.28972075999341,41.39989715493853,42.7604225683802,41.169781461556965,56.507835656615015,32.51169249840677,56.361359463028855,52.5168408907176,54.32684148225775,34.86162304972411,35.68207686525265,10.493938497391468,24.624731639695163,2.4280977102692987,6.53827410521442,7.898799518656091
2008-05-01,2008,17020011,850266.61,53.22285581143512,41.624584191479926,40.6071469127821,33.7717667893568,38.153818142368536,33.56566917827956,70.1706062280322,72.50344291045973,62.423564198496194,88.58978823802802,81.95382062974095,77.39086438903749,222.9209883448807,-169.69813253344557,-181.29640415340077,-182.3138414320986,-189.1492215555239,-184.76717020251215,-189.35531916660113
2008-06-01,2008,17020011,850266.61,52.66891581515528,33.80661497665868,38.53249388953607,30.05155851599769,31.949966249220456,33.991329996708565,96.77509800896802,80.97563790899018,78.19254154907594,109.907482371685,102.09294258939089,104.53427100430868,174.5285334241338,-121.85961760897851,-140.7219184474751,-135.99603953459774,-144.4769749081361,-142.57856717491333,-140.53720342742523
2008-07-01,2008,17020011,850266.61,12.090715672445976,10.00010836054661,26.075089636172915,5.717216030597138,10.388460042641936,16.076679792442164,122.24666774755411,100.65135994826753,129.84481559513927,130.15194589850438,132.79975273053785,108.68488962414068,107.45741569457076,-95.36670002212477,-97.45730733402415,-81.38232605839784,-101.74019966397361,-97.06895565192882,-91.38073590212859
2008-08-01,2008,17020011,850266.61,54.69250062734603,42.577499699496215,75.49162237360004,37.31524369242474,39.79710270616572,32.278820777594184,87.24040367385432,52.09437905138192,94.02042417268252,94.12256327308472,102.17806392081818,75.92731031910452,28.085541718623336,26.606958908722692,14.49195798087288,47.406080654976705,9.2297019738014,11.71156098754238,4.193279058970848
2008-09-01,2008,17020011,850266.61,17.700030481839665,13.016202555942632,17.076874947120963,11.63500498642869,12.739586833079342,22.14971816554788,58.61627271019351,44.625796264931154,51.01112498971121,72.9327595252277,75.78494344905512,40.17030587683094,12.636360694262631,5.063669787577034,0.379841861680001,4.440514252858332,-1.001355707833941,0.10322613881671039,9.51335747128525
2008-10-01,2009,17020011,850266.61,78.4081190689161,72.40571964989704,73.44192067247369,63.20283532447769,85.08941886925233,76.37930187982717,27.85732887821217,24.805243692487277,23.602423945099996,37.41154832084746,39.216059103826936,9.402747150501492,17.319891410732808,61.088227658183285,55.08582823916423,56.12202926174088,45.88294391374488,67.76952745851952,59.05941046909436
2008-11-01,2009,17020011,850266.61,225.27200237726703,248.84982395357795,157.12791385067334,206.06636345410425,260.8842760854507,242.4124418723485,9.3967676140764,8.516334148384956,8.858664683360796,11.2086406938665,17.65090965186587,1.8927553665412624,84.88872760113219,140.38327477613484,163.96109635244576,72.23918624954115,121.17763585297206,175.99554848431853,157.5237142712163
2008-12-01,2009,17020011,850266.61,206.17722907839584,189.82076458412064,134.74888796415195,163.28288613978447,211.7528568671782,127.4756057507614,5.468961054183183,7.937731894156845,4.865572018629946,6.488759113456217,13.941068902812848,2.95416437026979,37.847933814742284,168.32929526365356,151.97283076937836,96.90095414940967,125.43495232504219,173.90492305243592,89.62767193601911
2009-01-01,2009,17020011,850266.61,249.1947674440961,292.4030107258882,110.79589183138424,216.92533594135548,280.5033181263515,209.37169359908512,8.965712731791227,5.923495628107364,7.561632202014813,13.672339912696282,16.520551947737708,4.7608168096156245,69.53837924256614,179.65638820152998,222.86463148332206,41.2575125888181,147.38695669878933,210.96493888378535,139.833314356519
2009-02-01,2009,17020011,850266.61,58.126126330068566,43.1756368132508,42.84228055152727,37.68365004009705,44.17708138242973,44.912921353158765,10.266430462055984,16.6138719964754,6.715429802621318,16.735312054569825,17.87768511551306,7.198027599043305,25.959572864479444,32.16655346558912,17.216063948771353,16.882707687047823,11.724077175617605,18.21750851795029,18.95334848867932
2009-03-01,2009,17020011,850266.61,161.2470760796444,161.58289397643705,108.1069629020826,141.68509327706033,161.827617830016,102.18635743335284,19.400315056395797,34.80970952173763,10.864588007371614,31.40835489134864,29.160667988821142,22.90620859819832,27.73002853231165,133.51704754733274,133.8528654441254,80.37693436977095,113.95506474474868,134.09758929770436,74.45632890104119
2009-04-01,2009,17020011,850266.61,87.24856822735833,87.22645988633427,42.55441704467585,58.516210391306124,65.71492037403739,61.75251511084649,46.651949839078995,48.81119665490824,43.84729825632248,65.10257736113681,55.65024623314877,58.18222268481547,60.94207039754953,26.306497829808805,26.28438948878474,-18.387653352873677,-2.425860006243404,4.772849976487862,0.8104447132969597
2009-05-01,2009,17020011,850266.61,89.57707698443846,77.01051793420697,64.3678417783284,63.11921188723473,67.0682932875308,62.20609605056384,84.19794680549805,93.10399615151556,69.08469542930843,105.0265650213761,90.55278010097898,91.73138279975326,158.13937553516496,-68.5622985507265,-81.12885760095799,-93.77153375683656,-95.02016364793023,-91.07108224763415,-95.93327948460112
2009-06-01,2009,17020011,850266.61,31.81689218759353,23.2720513622076,17.719529617296715,22.045092994324712,17.387572360588113,25.170711455035043,120.71010472350078,99.1978242822642,113.41712871327503,135.09349751776654,116.53164657734564,132.5792615944722,185.49967035371245,-153.6827781661189,-162.22761899150484,-167.78014073641572,-163.45457735938774,-168.11209799312434,-160.3289588986774
2009-07-01,2009,17020011,850266.61,17.678045296720157,11.733271778967852,18.728484226726884,8.234105758554037,12.951264126821354,20.05828140847763,131.8054128341766,103.41215663807976,130.67125210274838,131.18040030480256,139.37547228307628,136.57241185572954,56.22796554705654,-38.549920250336385,-44.49469376808869,-37.49948132032966,-47.993859788502505,-43.276701420235185,-36.169684138578916
2009-08-01,2009,17020011,850266.61,13.524168414218629,13.357553189018132,11.60248029573482,10.305593667749624,10.941719462545535,11.095396417319144,97.03535176614972,74.1224312017741,95.53805864776562,102.19434910009235,104.92613055755844,93.23322943804524,17.82969731990377,-4.30552890568514,-4.472144130885637,-6.227217024168949,-7.524103652154144,-6.8879778573582335,-6.734300902584625
2009-09-01,2009,17020011,850266.61,50.80687121384705,48.94181190421002,53.8904368553308,40.68841117988156,48.442618294100704,41.32030926322189,57.778558521807966,42.76666361696622,58.50691658157447,70.32342928356894,78.37663204995809,36.907437601941815,13.340987829532397,37.46588338431466,35.600824074677625,40.5494490257984,27.347423350349167,35.10163046456831,27.979321433689492
2009-10-01,2010,17020011,850266.61,158.19226132163678,157.96120541860907,120.62263224086796,142.3234715567938,204.20403356298783,172.60700417299387,29.500646129201815,19.21849428384261,20.88316579960093,40.05481174708979,35.22708374234973,23.2534727546485,26.457291325315808,131.73496999632096,131.50391409329325,94.16534091555215,115.866180231478,177.74674223767204,146.14971284767807
2009-11-01,2010,17020011,850266.61,226.20277910166868,200.45794640824937,164.48371595522562,158.7089665755058,199.04830871455255,183.8851554683536,8.44059792778689,5.65498650132399,8.330670504989488,10.809969391745376,11.00629406995116,7.124070805037098,47.98005962462538,178.2227194770433,152.477886783624,116.50365633060024,110.72890695088041,151.06824908992718,135.9050958437282
2009-12-01,2010,17020011,850266.61,102.3797378015473,79.25586157573046,86.35741614132992,69.41952148276854,88.907083617443,81.34440270342564,7.816382988051315,9.8318426016091,7.25041918724443,6.733826115799165,12.664110656954993,7.95650523389551,29.07955658755082,73.30018121399647,50.176304988179645,57.2778595537791,40.339964895217726,59.82752702989219,52.264846115874825
2010-01-01,2010,17020011,850266.61,181.45767815279137,173.41306250217266,169.35144814176314,144.01355717428848,168.47287678366928,182.50067306795813,5.117585866912137,5.153716558723112,3.4022104853781547,8.940688464849458,10.464265091417442,4.51029828292315,26.891017412616065,154.5666607401753,146.5220450895566,142.46043072914708,117.12253976167241,141.5818593710532,155.60965565534207
2010-02-01,2010,17020011,850266.61,97.375251788273,89.63975100378447,73.91030385558979,84.20517573305638,104.67368558592314,95.6631136891462,11.49373077766944,22.71311188805528,5.334219380043928,21.93687592199956,23.13876304544028,9.20192090116612,24.6228432839475,72.7524085043255,65.01690771983696,49.287460571642285,59.582332449108875,80.05084230197563,71.0402704051987
2010-03-01,2010,17020011,850266.61,112.5209980256722,79.61945217742402,80.76879806859114,67.15656075217962,72.69965279095635,62.28385281826705,25.51242931687658,35.72923478291723,16.54812487991409,53.494687572694126,38.07374840377463,25.02882745841627,36.65340950873502,75.86758851693719,42.966042668689006,44.11538855985612,30.5031512434446,36.04624328222133,25.630443309532033
2010-04-01,2010,17020011,850266.61,121.251388983804,115.22462211243828,82.67915303006913,99.96934760034544,112.42511421152736,98.36232864704854,45.39050110833677,59.15213557322906,35.154969949596094,68.87426804812509,57.58904964383321,56.684510123551526,66.1823347637838,55.069054220020206,49.04228734865448,16.49681826628533,33.787012836561644,46.24277944774356,32.17999388326474
2010-05-01,2010,17020011,850266.61,123.25630486173851,121.60723715829111,99.42610037958347,102.45971595348742,109.1757928907136,88.36211343029564,62.95063729742273,59.20808900276231,58.85334381709796,82.39503091027927,63.6487283770018,84.76513469954585,142.08440004132916,-18.828095179590647,-20.477162883038048,-42.65829966174569,-39.62468408784174,-32.908607150615566,-53.722286611033525
2010-06-01,2010,17020011,850266.61,72.81876309191381,72.78928691745568,57.42999339421015,61.84029651258428,60.75456039692163,50.94865938734745,93.70547767802896,90.61915653617083,60.90371731693805,112.02272528705244,88.37921670430022,108.74187062069996,209.5679130670137,-136.7491499750999,-136.77862614955802,-152.13791967280355,-147.72761655442943,-148.81335267009206,-158.61925367966626
2010-07-01,2010,17020011,850266.61,9.010176393905375,4.460378996650167,7.76930969276183,6.199461260075668,13.555596616650838,11.999060531482304,130.71593803431458,114.64372292385114,111.81675588873188,141.1715719009172,132.38320038205626,132.60765591032302,100.25471853989596,-91.24454214599058,-95.7943395432458,-92.48540884713412,-94.0552572798203,-86.69912192324512,-88.25565800841366
2010-08-01,2010,17020011,850266.61,30.31447389056818,24.922619125576507,15.597006982970058,37.81994661436914,33.289804801072755,24.950577735807336,99.32060057172116,84.21676861333076,87.26079468094976,112.3782718711659,107.0182262308385,86.98564245957273,29.18265541158121,1.1318184789869719,-4.260036286004702,-13.585648428611151,8.637291202787928,4.107149389491546,-4.232077675773873
2010-09-01,2010,17020011,850266.61,102.75058088590436,108.51364111582043,128.79551465238302,82.0107263478779,98.45348506553664,81.05268230230736,52.27115610418723,36.74755014698096,43.885868866667245,75.95915949809132,53.80624870104887,44.36427054429435,24.152854851643447,78.59772603426092,84.360786264177,104.64265980073958,57.85787149623446,74.30063021389319,56.89982745066391
2010-10-01,2011,17020011,850266.61,99.61488269679964,94.83093332968944,66.40109411615103,68.8622568473433,123.91607226998102,90.86724797849234,32.7868257867045,27.60991775047948,28.292584188553136,45.2355008729166,37.20240871500901,17.23462994156704,27.294880392266144,72.32000230453349,67.5360529374233,39.106213723884885,41.56737645507716,96.62119187771486,63.5723675862262
2010-11-01,2011,17020011,850266.61,181.7440756978131,150.86969450561895,125.53304434314325,132.4190891542606,174.16781179672904,138.0146270675872,10.9711377127881,8.697196343459733,9.494731759931865,14.265227370363396,13.295772352912447,6.786686980092383,47.29747430690695,134.44660139090615,103.572220198712,78.2355700362363,85.12161484735365,126.87033748982209,90.71715276068026
2010-12-01,2011,17020011,850266.61,210.7215664682344,257.3691317262811,224.99374298150693,201.0133065676921,243.14535554896733,226.0827128261153,7.487783313128542,4.469445018176516,6.57506338222924,11.02464512609407,10.892780658737198,5.122406430186868,46.54378635192617,164.17778011630824,210.82534537435495,178.44995662958075,154.46952021576593,196.60156919704116,179.53892647418914
2011-01-01,2011,17020011,850266.61,241.4181817810253,243.06522080175964,130.37448425812366,195.10070491137515,255.7825696925792,154.730708389772,7.403520280042513,7.171132573485773,6.781733168396592,10.029323677997994,11.16147107664066,4.818944567961009,87.68377227191468,153.73440950911063,155.38144852984496,42.69071198620898,107.41693263946047,168.0987974206645,67.04693611785731
2011-02-01,2011,17020011,850266.61,149.92596470927376,136.29622199870974,97.87709462704578,120.58989939751602,164.7029296893475,96.14637804445648,11.219226081748342,23.18763284350131,7.8699195983481,13.210059438667018,16.79439976562788,10.02137521382288,54.70636910964252,95.21959559963123,81.58985288906722,43.170725517403255,65.8835302878735,109.99656057970499,41.44000893481396
2011-03-01,2011,17020011,850266.61,262.0636240895704,268.1036462051086,184.5798648997384,248.1697318637933,270.54994340955795,238.57925401851776,19.3523265945603,30.38549170269063,13.363106832690017,26.94400154548196,30.660650306241493,25.612087913116717,43.863216927136044,218.20040716243435,224.24042927797254,140.71664797260235,204.30651493665724,226.6867264824219,194.7160370913817
2011-04-01,2011,17020011,850266.61,128.03986121913456,145.6296406881438,69.3595581474501,84.91508805930252,98.99194225652724,67.10953861802815,40.02074888350996,59.03323323502582,30.475103092831763,59.51177477901789,47.67492316250504,57.82296120514881,79.4714176681147,48.56844355101987,66.15822302002911,-10.111859520664595,5.443670391187823,19.520524588412542,-12.361879050086543
2011-05-01,2011,17020011,850266.61,118.13209267773104,97.2520425868874,88.6525926526459,96.02212663472606,106.24117099761528,85.45271529290214,66.35679252232873,71.78861603023681,53.44353201002211,101.92425461228667,76.15491697834236,88.71326717391418,164.85857475645588,-46.72648207872484,-67.60653216956848,-76.20598210380999,-68.83644812172982,-58.617403758840595,-79.40585946355374
2011-06-01,2011,17020011,850266.61,41.7673339198212,34.42102982455253,41.571322881265104,28.73786691376049,21.625782671018964,33.25821610827067,86.75564631476179,80.68916826114992,71.88034541612075,118.10068924497725,91.54577573097212,98.04449610852606,241.84851038411497,-200.08117646429378,-207.42748055956244,-200.27718750284987,-213.1106434703545,-220.22272771309602,-208.59029427584431
2011-07-01,2011,17020011,850266.61,35.40827322387438,21.699126412536035,25.957848809936905,20.97119861922191,22.55867878193861,19.547054066934116,113.14218786035748,105.41243529441888,104.55159087900908,127.78703296890568,115.41553453263693,114.14922432505573,173.86727889759405,-138.45900567371967,-152.16815248505802,-147.90943008765714,-152.89608027837215,-151.30860011565545,-154.32022483065992
2011-08-01,2011,17020011,850266.61,3.5189888496734536,1.906349544271696,2.7670297702310247,0.4775405083072874,1.3380518034218636,7.276541253024028,108.07700185439089,96.49761255822256,106.79619266327092,119.4206981505641,109.86745887333494,100.18142761475217,61.397127276028485,-57.87813842635503,-59.490777731756786,-58.63009750579746,-60.9195867677212,-60.05907547260662,-54.120586023004456
2011-09-01,2011,17020011,850266.61,35.51964746609217,33.92279300577421,29.738675348752352,18.639188702911657,34.32410031113423,25.879710772918788,65.15298579372177,53.08533101851052,52.50279911551816,78.44769839436401,80.95766791068121,50.5997303528036,21.549076275096642,13.970571190995525,12.373716730677568,8.18959907365571,-2.909887572184985,12.775024036037589,4.330634497822146
2012-10-01,2013,17020011,850266.61,211.0686118514884,210.41452112976856,196.92120554711545,166.75084550810163,268.2898065016997,199.78873918236616,28.28330603823462,23.343903629435165,21.285856430585664,37.10533877710595,41.13976932780873,17.326887133291667,29.80480348762666,181.26380836386176,180.6097176421419,167.1164020594888,136.94604202047498,238.48500301407302,169.9839356947395
2012-11-01,2013,17020011,850266.61,222.2762674133866,203.52141529438487,136.54968027232405,159.72310759890604,216.1766235895923,206.07270231916488,6.082979409585589,4.372814307356423,5.097179568886823,8.574716842873825,9.311620551887186,3.298772308542276,66.62317111481029,155.65309629857632,136.8982441795746,69.92650915751376,93.09993648409575,149.55345247478203,139.44953120435457
2012-12-01,2013,17020011,850266.61,260.7178158753233,283.7576225884879,184.8328680866796,247.0325112580194,289.40833793918745,240.45939949839337,4.0837182636245455,2.0894248452192885,3.453734824285563,7.117323849355526,7.560249382996694,2.049360674945962,38.75093730797397,221.96687856734934,245.00668528051392,146.08193077870564,208.28157395004544,250.65740063121348,201.7084621904194
2013-01-01,2013,17020011,850266.61,127.58225154811574,106.41942708592268,54.04592913025185,89.26533686667211,121.0715238207384,68.34933878079192,7.533278091112624,13.65326178735799,6.1062028981065,12.980282782162654,12.33821741532054,4.3514828947523725,24.23391185812251,103.34833968999322,82.18551522780017,29.81201727212934,65.0314250085496,96.8376119626159,44.115426922669414
2013-02-01,2013,17020011,850266.61,106.69890655314803,81.16287885653153,42.86987843077696,68.21114492515215,89.04355804434692,41.90724599797878,8.127060674200692,9.528872757117218,6.487130462473471,15.713086867023575,12.550453988877347,4.795552273866264,23.037254472997372,83.66165208015066,58.12562438353416,19.832623957779585,45.17389045215478,66.00630357134955,18.869991524981405
2013-03-01,2013,17020011,850266.61,121.67783840816732,118.14668518968732,79.9284950268067,95.48088617062842,100.3329771423299,76.65714342310405,24.00007232785964,36.02328987815258,16.45847661565564,45.34565563214909,35.21653399214813,30.546081940889916,48.49910887664045,73.17872953152687,69.64757631304687,31.429386150166252,46.981777293987975,51.833868265689446,28.158034546463597
2013-04-01,2013,17020011,850266.61,147.03695624921627,124.13510393013972,100.52853305256964,105.41429241548776,115.840719236689,75.33953524612953,44.89511109165496,61.15172969886292,30.38327387052467,72.1429011238078,60.119321396156,59.31126180152903,103.1272650852944,43.90969116392188,21.007838844845324,-2.5987320327247545,2.287027330193368,12.7134541513946,-27.787729839164868
2013-05-01,2013,17020011,850266.61,82.70931967353401,63.68515825917628,44.21051002307478,68.39573904527882,60.77018456764755,66.31962754566256,86.06507171351029,93.48191450462345,71.39196243220226,116.15982569062506,96.70800219074226,104.08938279950225,202.23723116526673,-119.52791149173272,-138.55207290609044,-158.02672114219195,-133.84149211998792,-141.46704659761917,-135.91760361960417
2013-06-01,2013,17020011,850266.61,65.55298965026493,29.476844518014445,20.196987511488576,33.86180421327519,29.481093641146405,30.245344214693933,106.1835984913854,99.73525855540056,94.98294255004096,118.7272818655928,110.02007524288992,99.3701773684925,152.10276163159253,-86.5497719813276,-122.62591711357808,-131.90577412010396,-118.24095741831734,-122.62166799044613,-121.8574174168986
2013-07-01,2013,17020011,850266.61,8.262479269590546,2.857885128967239,1.2471436063585652,1.9137255305148868,2.8490235612813035,8.902217760450023,138.64992638813115,134.23743856239437,146.4975003583595,143.04416519583197,159.80240437997247,112.17755026250585,76.66286349625237,-68.40038422666183,-73.80497836728513,-75.41571988989381,-74.74913796573749,-73.81383993497107,-67.76064573580234
2013-08-01,2013,17020011,850266.61,52.17694243262946,53.57588936468022,59.77009764076152,49.87051979663597,54.78257388774998,50.42300762585944,99.29957211359616,84.04189335101165,103.11051828362264,108.096550826066,111.80037953583292,80.11941178262659,22.94055488632059,29.23638754630887,30.63533447835963,36.82954275444093,26.929964910315377,31.842019001429392,27.48245273953885
2013-09-01,2013,17020011,850266.61,174.82447537083723,144.56270594312758,153.26811177392483,132.73794929264676,168.31506284340986,85.66295804848161,57.57733717178594,46.06262955195361,58.99162679495093,68.33333940800516,70.79553702713847,38.90325182843793,23.731216212677783,151.09325915815944,120.8314897304498,129.53689556124704,109.00673307996898,144.58384663073207,61.931741835803834
2013-10-01,2014,17020011,850266.61,38.59366674578636,59.50400710784929,43.33697988895611,31.83831749156934,34.67614461592783,40.89658868222979,32.94011170304884,35.23358977941444,24.01266828593972,45.15256174365191,35.9541790704149,17.520118955352736,44.2542814320789,-5.66061468629254,15.249725675770392,-0.9173015431227896,-12.415963940509556,-9.578136816151066,-3.3576927498491074
2013-11-01,2014,17020011,850266.61,156.40400536562845,149.43978448279424,106.60788363505895,113.08934562119587,151.51720221082724,75.13503572451431,12.438119725775662,9.810493858249536,10.30508126274034,18.25322606607253,15.163661792269773,6.182695288591132,33.723980853526704,122.68002451210174,115.71580362926753,72.88390278153224,79.36536476766918,117.79322135730052,41.411054870987606
2013-12-01,2014,17020011,850266.61,110.9338346204396,118.21604725315096,75.92386212184816,96.72448477854084,116.88084260396651,70.299404599886,6.7383115963939195,7.033582125382787,6.785665684594476,7.073913330059116,9.432016760266102,3.4962696035850973,32.93474157991476,77.99909304052484,85.2813056732362,42.9891205419334,63.789743198626084,83.94610102405176,37.364663019971246
2014-01-01,2014,17020011,850266.61,168.78229094380882,154.49689560922218,78.86089943682627,122.60401715948348,165.53120943463622,104.58557560606796,12.697161822423771,11.956443541455911,11.52265052492775,10.262163402056816,18.918499135486933,6.85458467550979,34.47766880850749,134.30462213530132,120.01922680071469,44.383230628318785,88.12634835097599,131.05354062612872,70.10790679756047
2014-02-01,2014,17020011,850266.61,254.15046645527812,294.40458091590205,179.39770877038842,232.56883610585624,298.25035981645283,201.2250348209414,7.252540273363209,8.86307946130971,5.3433388113065625,9.27722352400136,11.475687276877258,5.64604480524332,22.10794300397862,232.0425234512995,272.2966379119234,157.2897657664098,210.46089310187762,276.1424168124742,179.11709181696278
2014-03-01,2014,17020011,850266.61,238.03463612049725,249.477350786716,139.53044279812858,191.3516229026156,242.9647902853648,134.60686847406907,25.185222395701203,37.58980418497505,18.351505965040744,40.31554163281924,37.38516692422007,26.60785666590085,74.57315698711226,163.461479133385,174.90419379960372,64.95728581101632,116.77846591550333,168.39163329825254,60.03371148695682
2014-04-01,2014,17020011,850266.61,93.2987995875232,78.86746497030484,57.39991809064313,59.06300956674616,75.5629766716644,57.38707764012153,57.171543174546336,74.18364211311237,47.58293958614624,83.85735675658896,68.36278290234088,67.84860144066937,88.47301154552663,4.825788041996574,-9.605546575221794,-31.073093454883498,-29.41000197878047,-12.91003487386223,-31.0859339054051
2014-05-01,2014,17020011,850266.61,55.59860306355816,31.42421600154781,42.57487002727583,24.499623447524247,31.26081779048159,31.13646233044969,90.1061391132082,99.54933046654322,75.77993297842002,122.75796517109562,104.6012225177818,95.65391529619656,201.73240244070413,-146.13379937714598,-170.30818643915632,-159.1575324134283,-177.2327789931799,-170.47158465022255,-170.59594011025445
2014-06-01,2014,17020011,850266.61,50.41721961282014,22.604697521280183,20.074257946288935,22.259668531008376,22.989833051614728,28.110296458849906,105.2806050038527,106.447721829056,85.72480076684735,112.6128397073025,107.22560606752516,106.30886456287382,165.5340498104481,-115.11683019762796,-142.92935228916792,-145.45979186415917,-143.27438127943972,-142.54421675883336,-137.42375335159818
2014-07-01,2014,17020011,850266.61,43.02648898719442,23.73419803676803,24.902282238562364,21.367395696249385,22.333527575159952,17.233763223306113,129.66675139157852,139.059912420579,120.1917212543316,125.06833283803878,144.3771464456897,116.96506203926828,87.02251774537496,-43.996028758180536,-63.28831970860692,-62.12023550681259,-65.65512204912557,-64.688990170215,-69.78875452206884
2014-08-01,2014,17020011,850266.61,44.142285169038175,56.93474760428898,55.67992643034701,51.27389591729724,60.07828396406173,46.966251858796376,105.1693432761375,102.8149823367687,108.05662877699775,112.82340186299342,111.08469909672203,86.56841149661456,27.604176864357314,16.53810830468086,29.330570739931666,28.075749565989696,23.669719052939925,32.47410709970442,19.362074994439062
2014-09-01,2014,17020011,850266.61,51.47380871967303,43.23328955081651,50.95774832723804,39.838344351455824,50.88853764481691,31.46417838347933,62.95594844076961,48.551983703190174,65.30661728155766,78.43639542389542,72.27475237973508,41.393071524527166,14.403972256604343,37.06983646306869,28.829317294212167,36.5537760706337,25.434372094851483,36.484565388212566,17.060206126874988
2014-10-01,2015,17020011,850266.61,168.7827335525732,181.8588930246952,156.56623374894383,148.87622013283433,228.45573980224475,178.74287890111515,27.933623869193735,25.45825472188034,24.997198475830057,36.25296882723848,37.61021641608875,12.722865090830378,33.97141803119964,134.81131552137356,147.88747499349554,122.59481571774418,114.90480210163469,194.4843217710451,144.7714608699155
2014-11-01,2015,17020011,850266.61,218.00422721205717,256.980408464838,139.81839368695185,186.94954248231613,247.60831877317116,148.15387912370574,10.042177591156406,9.953377867424734,11.390453735175385,10.673757829779367,18.375712548279992,2.914095643896258,92.6965081989095,125.30771901314768,164.28390026592848,47.12188548804235,94.25303428340663,154.91181057426166,55.45737092479624
2014-12-01,2015,17020011,850266.61,190.2967817312457,194.63032408663148,56.72628445100669,161.82742278746497,198.9399372991368,176.47523694543804,8.776771862815528,7.562257405163233,7.854030852678494,10.164570372860728,15.627398700709856,3.770668216004986,79.71316663480665,110.58361509643903,114.91715745182482,-22.986882183799963,82.11425615265831,119.22677066433015,96.76207031063139
2015-01-01,2015,17020011,850266.61,149.31886271894024,166.91383223499508,39.52685586932927,139.34343243646163,173.68933656092108,127.41995513581476,10.148373836238578,12.50991043346544,6.839255303925128,13.302799861008834,11.009497157276252,4.609399200572492,77.92138017579575,71.39748254314449,88.99245205919934,-38.39452430646648,61.42205226066588,95.76795638512533,49.49857496001901
2015-02-01,2015,17020011,850266.61,126.83084726263364,111.01697860928866,63.50542270145246,89.87651482048858,118.53990232841008,92.63387955371752,17.66336824604029,20.17315330464309,8.96758201598786,26.973449659117342,20.239570059364137,9.213420088646629,92.76761083617181,34.06323642646183,18.249367773116845,-29.262188134719352,-2.8910960156832317,25.772291492238267,-0.133731282454292
2015-03-01,2015,17020011,850266.61,123.26955725056705,94.14160800180215,58.08698321167852,82.61383039973677,104.9106398120643,88.47284296033723,40.30109935181165,41.923857392178064,30.16692810914257,56.55641355847965,39.01634566286106,31.18087871459953,80.74415487511052,42.52540237545652,13.39745312669163,-22.657171663432003,1.8696755246262455,24.16648493695378,7.7286880852267075
2015-04-01,2015,17020011,850266.61,52.26853736572971,47.05727107954981,15.38596944714036,32.55798715352031,34.87694056232663,36.4952822360793,69.47209784803178,72.38480807709789,51.72075486220282,90.13736429749004,63.369181563482464,59.86917843152494,64.65362806264355,-12.385090696913835,-17.59635698309374,-49.26765861550319,-32.09564090912324,-29.776687500316918,-28.15834582656425
2015-05-01,2015,17020011,850266.61,45.10292517964644,30.53334537609474,25.044314454339663,30.592654527882868,34.30936605924396,48.373224290743,116.3580149959222,113.27161146718308,89.70582334005739,143.15514361004142,101.98259055056413,115.09925877572898,96.02411162278688,-50.921186443140435,-65.49076624669213,-70.97979716844722,-65.431457094904,-61.71474556354291,-47.65088733204387
2015-06-01,2015,17020011,850266.61,15.02129528116299,5.0523663054086345,10.533086454577049,5.752189787588419,4.399462844916889,17.145670193149588,129.6903640764097,130.69050626377165,123.35517958449208,137.6434618320875,130.57644133700668,116.21744962253622,53.7535937703272,-38.73229848916421,-48.70122746491857,-43.220507315750154,-48.00140398273878,-49.35413092541031,-36.607923577177615
2015-07-01,2015,17020011,850266.61,9.223797194486682,7.640700352729294,4.995252117048554,8.260129390113505,10.497638392764143,9.273980542162397,126.1930812904698,115.99493223829693,119.2679712913417,125.29298376419467,135.3935051146707,122.51616195046668,17.61923351360725,-8.395436319120567,-9.978533160877955,-12.623981396558694,-9.359104123493744,-7.121595120843105,-8.345252971444852
2015-08-01,2015,17020011,850266.61,41.1021239872122,25.104898917423533,20.322945496255976,22.541952058315516,33.42748785990187,17.807582563719553,94.30088178758972,77.96796538526654,90.55960598330688,98.7509605139536,105.2415151953495,84.86103911923202,8.311187269594638,32.79093671761756,16.793711647828893,12.011758226661337,14.230764788720878,25.116300590307233,9.496395294124914
2015-09-01,2015,17020011,850266.61,41.11337554349534,40.25340946281965,32.17297451397396,29.653475849235072,36.246913359823935,31.49915256073352,50.01503084866363,42.01163676373567,47.73895549864405,61.13257192785762,62.342912574179074,28.228952816023934,9.662848403951674,31.450527139543663,30.590561058867973,22.510126110022288,19.990627445283398,26.58406495587226,21.836304156781846
2017-10-01,2018,17020011,850266.61,168.78776424157087,192.96499129729844,135.6686044291023,147.7854299895131,209.0158590943352,137.5477166510127,31.859223404335147,28.78847333496936,23.743995348231444,46.325603490574565,36.02936295700136,18.618068703175844,31.109536881390557,137.6782273601803,161.85545441590787,104.55906754771173,116.67589310812254,177.90632221294464,106.43817976962215
2017-11-01,2018,17020011,850266.61,266.5354267916183,254.3801616422632,221.56053842743532,200.89306835005752,275.2025889150332,208.25750941040408,9.360520744861466,9.162662109771016,6.971645331239993,13.62781115764994,11.103137546560172,2.9500904644638704,73.83297853321132,192.702448258407,180.5471831090519,147.727559894224,127.0600898168462,201.36961038182187,134.42453087719275
2017-12-01,2018,17020011,850266.61,170.18950116519636,176.26517832833483,102.6624379910714,126.04253834923504,173.1489942929333,105.61107708390183,7.8106453395456255,10.245190394832308,4.627652900305374,11.810623780572463,6.496009466884844,4.405382310736002,44.403596970329815,125.78590419486655,131.86158135800503,58.258841020741585,81.63894137890523,128.74539732260348,61.20748011357202
2018-01-01,2018,17020011,850266.61,263.5692095713837,244.97663376642507,162.42378278843137,192.75280717942917,268.89341530987474,193.0986154437674,8.790755915746926,10.312274624045353,6.679938773181032,12.433212707698692,6.691723659918034,6.275888673674042,31.356263032690865,232.21294653869282,213.6203707337342,131.0675197557405,161.3965441467383,237.53715227718388,161.74235241107652
2018-02-01,2018,17020011,850266.61,175.76613427194718,187.67801407531215,80.20537035712113,137.1266674977381,192.7355606397972,85.65874372383543,14.28693427161476,21.502497240579835,7.737669341675415,21.76922653010532,12.634228200014467,8.16537997313068,66.85780981777602,108.90832445417117,120.82020425753613,13.34756053934511,70.2688576799621,125.87775082202118,18.800933906059413
2018-03-01,2018,17020011,850266.61,107.32800964792018,94.05934781155976,77.86348335348582,82.17720302475733,83.4701952858588,94.255312552624,33.78599868977247,41.8844678721013,19.923131371107445,49.64542971240071,29.04961239370566,28.15378367883252,38.97846574721345,68.34954390070673,55.08088206434631,38.88501760627237,43.198737277543884,44.491729538645345,55.27684680541056
2018-04-01,2018,17020011,850266.61,167.04621517319816,141.259710472542,100.45571838055706,125.65235081839116,141.68129254953251,98.02825275923462,58.8730393132001,63.317452319427005,37.9346496878636,74.26332143672695,50.03197722318329,59.871404771581815,90.40700327906221,76.63921189413595,50.85270719347979,10.04871510149485,35.24534753932895,51.274289270470305,7.621249480172409
2018-05-01,2018,17020011,850266.61,28.72713600720096,32.46335614902216,23.7193220157932,33.77802629955585,33.738369327020564,37.55599924263441,115.6449509744358,115.91813118315008,87.8166635990944,135.7094340500978,99.05251324227966,121.61112981103082,291.25773301771335,-262.5305970105124,-258.7943768686912,-267.53841100192017,-257.4797067181575,-257.5193636906928,-253.70173377507894
2018-06-01,2018,17020011,850266.61,38.13059950895339,27.12334178410188,20.668743975115387,22.83256831921369,26.75887488607645,22.76750470263938,115.43255399985485,93.35090320944664,107.3661429272079,133.0016454173048,107.1433084946608,118.49922399950115,120.73227807144919,-82.6016785624958,-93.6089362873473,-100.0635340963338,-97.8997097522355,-93.97340318537275,-97.9647733688098
2018-07-01,2018,17020011,850266.61,13.22254864677318,3.167420620315065,1.619210405279447,1.6504097096561932,2.551443098604651,9.08141864173521,132.52659671101424,122.94976204883837,130.13807422142537,140.51384546863358,139.67313754633616,120.82571465485546,53.270095836943305,-40.04754719017012,-50.10267521662824,-51.65088543166386,-51.61968612728711,-50.718652738338655,-44.18867719520809
2018-08-01,2018,17020011,850266.61,9.146824175386078,4.805717302715032,2.26670669069741,5.703942234536928,5.123243185202469,10.911917313877224,105.47684218978566,100.21876928350552,97.91605452440903,118.56371418191593,108.34464801886998,91.5526773290388,16.805108316953483,-7.658284141567405,-11.999391014238451,-14.538401626256073,-11.101166082416555,-11.681865131751014,-5.893191003076259
2018-09-01,2018,17020011,850266.61,42.65021504871248,25.105143065125844,18.57915119304336,20.10960992761967,28.88394096965084,23.981685206768493,55.494513481486834,42.35012255816994,49.74575320071393,67.5404223241232,63.03892222714806,40.485112762030255,9.466605125107623,33.18360992360486,15.638537940018221,9.112546067935735,10.643004802512046,19.417335844543217,14.51508008166087
2020-10-01,2021,17020011,850266.61,152.39450479389131,184.35112380715304,180.30748061997264,155.02187821290508,208.61363831565325,119.35999851268464,32.368598165950075,31.975005223803254,26.670557977745823,45.55362936449896,33.07518645351226,19.58909712633106,46.65755057154591,105.7369542223454,137.69357323560712,133.6499300484267,108.36432764135917,161.95608774410732,72.70244794113873
2020-11-01,2021,17020011,850266.61,203.8492064296681,223.43603586799856,155.04003849114903,172.94415097055438,243.54858487791216,121.7587295887856,12.86836245801464,10.81927649110705,9.529551041761485,19.597197477095023,12.681469601441368,6.147385309283684,61.17670910051525,142.67249732915286,162.25932676748332,93.8633293906338,111.76744187003914,182.37187577739692,60.58202048827035
2020-12-01,2021,17020011,850266.61,196.03914109836197,195.70789466322896,134.97831898636116,147.376192116302,207.44288021746905,133.2700525230041,8.817875587222135,8.950320795066014,9.502703576372143,8.943149008338594,9.544705422228551,2.974462824468675,40.80580352485553,155.23333757350645,154.90209113837344,94.17251546150564,106.57038859144649,166.63707669261353,92.46424899814858
2021-01-01,2021,17020011,850266.61,252.4434960890883,241.9836253175155,152.7325944579287,178.95502331283927,264.73440499464107,223.88807356445517,8.125007478519,10.441363501697705,8.747416609251319,5.183580938757233,10.43157848854697,5.929498947866927,46.03184736363733,206.411648725451,195.95177795387818,106.70074709429139,132.92317594920195,218.70255763100374,177.85622620081784
2021-02-01,2021,17020011,850266.61,252.8973766220247,246.1615707153777,123.98821600199652,205.84045278828745,251.86307537749627,112.2534615319714,13.88186019034895,12.522252717758814,9.224571453427204,16.49830620541315,15.115160647169544,11.857878829320985,33.076946854439434,219.82042976758527,213.08462386093828,90.91126914755708,172.76350593384802,218.78612852305685,79.17651467753197
2021-03-01,2021,17020011,850266.61,74.92705344181516,79.43505924367356,42.83635303553218,54.02452410449908,76.95121030264907,34.16585078134136,35.775315559735716,37.62283264990731,21.454160968941764,49.59681206920927,35.08978653068839,29.152112563022463,39.7890358120041,35.13801762981106,39.64602343166946,3.0473172235280757,14.235488292494978,37.16217449064497,-5.623185030662739
2021-04-01,2021,17020011,850266.61,39.64847295051116,28.552866828780147,15.41160322715718,21.531273389948996,27.59037218064997,27.908743755281098,70.69713478632163,72.70667304684481,38.67259641746698,82.73758932920718,63.824706361137984,79.18608931661414,91.21046308012662,-51.56199012961545,-62.65759625134647,-75.79885985296943,-69.67918969017762,-63.620090899476644,-63.30171932484552
2021-05-01,2021,17020011,850266.61,51.48666842327865,34.82244287717973,28.83018271617563,23.45626477936338,33.13568618206679,30.26735243164051,100.43877474636398,100.0221767535904,72.93722945511769,113.56496530883638,84.61873880802865,110.99928534429095,187.4407723509743,-135.95410392769566,-152.61832947379457,-158.61058963479866,-163.98450757161092,-154.3050861689075,-157.17341991933378
2021-06-01,2021,17020011,850266.61,47.67537690702926,29.714492355084257,28.537442816431543,24.628336537670663,28.14017073623848,26.26932374597404,125.05193412405552,128.36565758541028,117.37134553799036,141.89077270206718,119.80121502811446,111.00221007142991,210.27893943963713,-162.60356253260787,-180.56444708455288,-181.7414966232056,-185.65060290196647,-182.13876870339865,-184.00961569366308
2021-07-01,2021,17020011,850266.61,2.534679363695444,1.3868192597083993,1.325029177745125,0.4864827942506991,1.572792426156668,8.1595043267156,140.3090650244479,132.65649186842313,145.44688240741243,144.65770745728662,140.73660982025476,134.70048389408737,58.17759986078984,-55.642920497094394,-56.790780601081444,-56.85257068304472,-57.69111706653914,-56.60480743463317,-50.01809553407424
2021-08-01,2021,17020011,850266.61,16.422327064603035,15.457556747846532,13.748307966448992,14.03414919703076,17.34118946852245,21.952558937270897,98.5712970087642,76.58764121416823,90.86609170356309,108.69095165046856,104.3857552287099,90.3217737231088,14.73602157261946,1.6863054919835747,0.7215351752270713,-0.9877136061704679,-0.7018723755886995,2.6051678959029907,7.216537364651437
2021-09-01,2021,17020011,850266.61,81.9172550536818,66.00616818571739,45.353349413532925,50.226430385342965,73.91293188312493,47.33015174341888,62.23285887827575,42.68982890300796,61.16573323228111,76.82489625943097,57.26227311366155,58.22626485218547,11.085612175571049,70.83164287811076,54.920556010146335,34.267737237961875,39.140818209771915,62.827319707553876,36.24453956784783
2022-10-01,2023,17020011,850266.61,87.70516057884505,61.41702840124048,37.86816540306594,43.85479442548118,68.15208700547568,53.710611663124325,37.871656544713886,32.72375260743182,34.074673113626375,50.44571813054751,46.46257771135157,17.521476778929355,9.486513863541079,78.21864671530398,51.9305145376994,28.38165153952486,34.368280561940104,58.6655731419346,44.22409779958325
2022-11-01,2023,17020011,850266.61,205.6004212668463,220.50731744061576,132.25244687932263,186.4224808253825,230.2070867167796,190.3346775491233,8.477970076515481,15.747225697856166,7.565059597043091,6.574401154854409,11.109607801524191,4.8966811560994,25.021729078989214,180.5786921878571,195.48558836162655,107.23071780033342,161.4007517463933,205.1853576377904,165.3129484701341
2022-12-01,2023,17020011,850266.61,213.6708572107995,233.34137983740587,153.23500518736225,171.72123563188842,247.9421240809304,203.56316023749665,4.336263871949545,7.497880278107512,2.1919599508288834,5.772938646765836,4.3923618497113575,3.21523627559224,18.750476472451037,194.92038073834848,214.59090336495484,134.48452871491122,152.9707591594374,229.19164760847937,184.81268376504562
2023-01-01,2023,17020011,850266.61,123.48183115814352,117.89800668331722,105.1338038654477,99.95082738731696,126.22448981358755,166.55506335037552,6.629621182470557,10.604343623920895,6.339016431611687,1.935419456547429,11.190930343034864,8.233804060915636,24.18129590654838,99.30053525159514,93.71671077676883,80.95250795889932,75.76953148076858,102.04319390703917,142.37376744382715
2023-02-01,2023,17020011,850266.61,124.4600546337736,130.36206693864338,73.53295143552369,99.86024479766412,132.77865397669785,48.3983760240252,11.709129037446148,16.132501075735814,10.447946386018518,8.87416365745389,16.619166339894342,10.377141300910043,19.732403893043923,104.72765074072967,110.62966304559946,53.80054754247976,80.1278409046202,113.04625008365393,28.665972130981274
2023-03-01,2023,17020011,850266.61,104.47974329896324,82.38712830342483,74.98711621309992,69.15359138530182,81.77417107081841,78.93985633342703,32.033632283509625,35.43299898460677,15.32262656296187,43.17244686273307,32.61492587280519,28.665530986240608,21.34145657429062,83.13828672467262,61.04567172913421,53.645659638809306,47.812134811011205,60.432714496527794,57.59839975913641
2023-04-01,2023,17020011,850266.61,105.73110355175687,81.56492925336204,89.6036202510116,60.76743605033721,82.00361934119215,58.55067108362156,53.62544286009853,53.71771790086475,29.92650316816305,66.38515434595045,48.303291783316645,57.58012716414528,53.84602719876823,51.88507635298864,27.718902054593805,35.75759305224337,6.921408851568977,28.157592142423916,4.704643884853326
2023-05-01,2023,17020011,850266.61,44.93730126180902,24.682367469069256,19.952099450440624,22.03542292112189,25.627726050769283,31.455647852205093,99.43103382850168,99.61316809726397,69.5019377346987,127.99605269460844,92.29036195052224,92.1804319090906,278.72233806836323,-233.78503680655422,-254.03997059929398,-258.7702386179226,-256.68691514724134,-253.09461201759393,-247.26669021615814
2023-06-01,2023,17020011,850266.61,34.69947014711092,29.372417658700265,19.213955832536293,23.174690918530995,29.151297789081067,29.318167644994983,121.0264345981227,115.2489659664812,112.54724102150396,129.00158470394905,115.24436513873648,122.16452632296318,83.04077005868405,-48.341299911573124,-53.66835239998378,-63.826814226147754,-59.86607914015305,-53.889472269602976,-53.72260241368906
2023-07-01,2023,17020011,850266.61,9.886391173779865,5.094628793329305,4.064548110938958,2.691869807945385,5.596781928136775,9.535866990753846,128.11019097043055,122.79973106098778,123.92918400659846,135.04226396653496,133.31690178011493,117.9906317161849,24.779269085924643,-14.892877912144778,-19.68464029259534,-20.714720974985685,-22.08739927797926,-19.182487157787868,-15.243402095170797
2023-08-01,2023,17020011,850266.61,19.525295778057504,17.312739967063553,13.109103198852878,15.920761921163017,18.93633180949856,39.951918688042674,101.2997829045578,80.25790678711388,104.9967750448434,108.07967052126294,114.30944137382714,88.84778179520038,10.625578112483726,8.899717665573778,6.687161854579827,2.483525086369152,5.29518380867929,8.310753697014835,29.326340575558948
2023-09-01,2023,17020011,850266.61,55.44502726416251,52.922167616473466,40.41818506293726,46.752107408702095,57.805445401713136,45.65620703878902,57.16573843061879,46.96781121493896,60.48345107737384,67.00637301456898,66.46683313957816,37.39472690645194,7.561054446476977,47.88397281768553,45.361113169996486,32.85713061646028,39.191052962225115,50.244390955236156,38.09515259231205
